City_ID,City,Country,Lat,Lng,Max Temp,Humidity,Cloudiness,Wind Speed,Current Description
0,Tasiilaq,GL,65.6145,-37.6368,32.16,99,100,3.85,snow
1,Ushuaia,AR,-54.8,-68.3,48.09,73,100,5.44,light rain
2,Avarua,CK,-21.2078,-159.775,69.85,100,40,1.14,scattered clouds
3,Rikitea,PF,-23.1203,-134.9692,73.31,73,98,15.28,overcast clouds
4,San Jose,US,37.3394,-121.895,64.69,67,1,0.0,mist
5,Ancud,CL,-41.8697,-73.8203,61.43,68,97,13.91,light rain
6,Boddam,GB,57.4667,-1.7833,52.18,89,100,25.43,overcast clouds
7,Lazurne,UA,46.084,32.5295,48.45,74,97,16.17,overcast clouds
8,Thompson,CA,55.7435,-97.8558,21.27,88,73,5.84,broken clouds
9,Mataura,NZ,-46.1927,168.8643,48.02,99,98,2.35,overcast clouds
10,Jamestown,US,42.097,-79.2353,37.09,78,90,8.01,overcast clouds
11,Albany,US,42.6001,-73.9662,47.44,65,76,1.99,broken clouds
12,Ugoofaaru,MV,5.6667,73.0,81.86,79,100,20.09,overcast clouds
13,Atuona,PF,-9.8,-139.0333,77.34,74,13,16.73,few clouds
14,Souillac,MU,-20.5167,57.5167,77.36,68,29,12.08,scattered clouds
15,Northam,GB,51.0333,-4.2167,56.01,75,100,2.44,overcast clouds
16,San Carlos,VE,9.6612,-68.5827,90.75,48,63,3.13,broken clouds
17,Zhigansk,RU,66.7697,123.3711,-23.13,99,88,7.76,overcast clouds
18,Chokurdakh,RU,70.6333,147.9167,0.91,96,100,7.02,overcast clouds
19,Gillette,US,44.2911,-105.5022,41.23,67,100,10.0,overcast clouds
20,Busselton,AU,-33.65,115.3333,58.05,66,98,19.91,overcast clouds
21,Novaya Lyalya,RU,59.055,60.599,11.5,93,13,4.03,few clouds
22,Pevek,RU,69.7008,170.3133,15.17,95,100,1.52,light snow
23,Yellowknife,CA,62.456,-114.3525,15.57,100,57,10.0,broken clouds
24,Tiksi,RU,71.6872,128.8694,-14.21,98,83,7.0,broken clouds
25,Khatanga,RU,71.9667,102.5,-6.83,97,100,4.16,overcast clouds
26,Sebrovo,RU,50.0981,43.2976,39.25,58,99,4.65,overcast clouds
27,Bengkulu,ID,-3.8004,102.2655,75.99,89,100,3.31,moderate rain
28,Shahr-E Babak,IR,30.1165,55.1186,52.14,33,6,5.84,clear sky
29,Asfi,MA,32.2994,-9.2372,66.79,66,0,10.58,clear sky
30,Vao,NC,-22.6667,167.4833,75.45,82,2,7.25,clear sky
31,Hithadhoo,MV,-0.6,73.0833,82.11,75,41,8.86,scattered clouds
32,Hermanus,ZA,-34.4187,19.2345,75.79,69,96,8.84,overcast clouds
33,Vaini,TO,-21.2,-175.2,69.96,88,20,5.75,few clouds
34,Alekseyevka,RU,50.6309,38.6903,37.42,68,100,2.08,overcast clouds
35,Puerto Escondido,MX,15.85,-97.0667,83.82,43,16,2.04,few clouds
36,Puri,IN,19.8,85.85,75.72,88,34,10.47,scattered clouds
37,Mount Gambier,AU,-37.8333,140.7667,48.92,76,100,14.32,overcast clouds
38,Norman Wells,CA,65.282,-126.8329,11.77,93,100,7.99,overcast clouds
39,Bredasdorp,ZA,-34.5322,20.0403,75.27,57,92,10.83,overcast clouds
40,Kruisfontein,ZA,-34.0033,24.7314,67.89,68,91,8.52,overcast clouds
41,Dikson,RU,73.5069,80.5464,-1.26,96,100,8.01,overcast clouds
42,Brae,GB,60.3964,-1.353,51.71,85,100,28.19,overcast clouds
43,Srednekolymsk,RU,67.45,153.6833,5.09,97,100,4.45,overcast clouds
44,Cape Town,ZA,-33.9258,18.4232,75.11,53,97,12.21,overcast clouds
45,Faanui,PF,-16.4833,-151.75,73.92,89,100,8.84,moderate rain
46,Tiarei,PF,-17.5333,-149.3333,73.42,64,100,5.32,overcast clouds
47,Nioro,GM,13.35,-15.75,92.44,26,100,4.79,overcast clouds
48,Barrow,US,71.2906,-156.7887,21.22,79,90,17.27,light snow
49,Rio Verde De Mato Grosso,BR,-18.9181,-54.8442,85.41,61,100,5.61,very heavy rain
50,Copiapo,CL,-27.3667,-70.3333,80.94,24,0,8.23,clear sky
51,Clyde River,CA,70.4692,-68.5914,5.23,78,40,5.64,scattered clouds
52,Solnechnyy,RU,50.7214,136.6319,13.89,86,7,3.09,clear sky
53,Necochea,AR,-38.5473,-58.7368,67.03,50,0,20.78,clear sky
54,Qaanaaq,GL,77.484,-69.3632,-12.12,57,0,9.01,clear sky
55,Adrar,MR,20.5022,-10.0711,88.18,24,6,5.48,clear sky
56,Lebu,CL,-37.6167,-73.65,57.4,64,87,6.98,overcast clouds
57,Ixtapa,MX,20.7,-105.2,80.22,65,100,1.01,overcast clouds
58,Arraial Do Cabo,BR,-22.9661,-42.0278,75.06,53,40,11.5,scattered clouds
59,Nabire,ID,-3.3667,135.4833,74.03,95,100,3.33,overcast clouds
60,Sorland,NO,67.667,12.6934,40.86,69,100,17.74,overcast clouds
61,El Cobre,CU,20.0489,-75.9469,85.71,54,100,1.86,overcast clouds
62,Baykit,RU,61.67,96.37,18.37,97,100,2.86,light snow
63,New Norfolk,AU,-42.7826,147.0587,40.5,74,95,5.53,overcast clouds
64,Paita,PE,-5.0892,-81.1144,70.02,68,31,10.18,scattered clouds
65,Iqaluit,CA,63.7506,-68.5145,6.53,71,75,5.01,light snow
66,Constitucion,CL,-35.3333,-72.4167,62.83,49,45,19.06,scattered clouds
67,Kirakira,SB,-10.4544,161.9205,79.9,83,39,5.91,scattered clouds
68,Port Alfred,ZA,-33.5906,26.891,67.55,74,98,10.02,overcast clouds
69,Hilo,US,19.7297,-155.09,81.28,95,90,0.0,light rain
70,Victoria,HK,22.2855,114.1577,71.58,74,33,4.0,scattered clouds
71,Severo-Kurilsk,RU,50.6789,156.125,37.08,73,72,7.67,broken clouds
72,Zhangye,CN,38.9342,100.4517,34.7,32,2,6.96,clear sky
73,Namibe,AO,-15.1961,12.1522,72.57,78,87,7.09,light rain
74,Chanasma,IN,23.7167,72.1167,73.49,26,1,6.42,clear sky
75,Lalitpur,NP,27.6667,85.3333,55.78,88,20,3.44,few clouds
76,Punta Arenas,CL,-53.15,-70.9167,46.51,57,75,35.68,broken clouds
77,Cururupu,BR,-1.8283,-44.8683,87.76,60,64,6.35,broken clouds
78,Meridian,US,43.6121,-116.3915,53.04,83,1,3.0,clear sky
79,Alamogordo,US,32.8995,-105.9603,71.44,28,0,4.92,clear sky
80,Kyren,RU,51.6828,102.1408,21.34,79,13,2.17,few clouds
81,Pasighat,IN,28.0667,95.3333,63.32,65,0,3.51,clear sky
82,Seydi,TM,39.4816,62.9137,46.54,68,29,10.2,scattered clouds
83,Haines Junction,CA,60.7522,-137.5108,9.39,90,85,2.37,overcast clouds
84,Kamenka,RU,51.3223,42.7678,37.13,68,100,3.85,overcast clouds
85,Golden,US,39.7555,-105.2211,60.1,30,95,3.56,overcast clouds
86,Ucluelet,CA,48.9329,-125.5528,50.31,93,100,1.01,overcast clouds
87,Kaitangata,NZ,-46.2817,169.8464,50.32,97,100,3.27,overcast clouds
88,Mar Del Plata,AR,-38.0023,-57.5575,66.87,72,0,13.0,clear sky
89,Abha,SA,18.2164,42.5053,61.05,67,0,4.61,clear sky
90,Enshi,CN,30.3,109.4833,52.52,70,95,0.72,overcast clouds
91,Ayagoz,KZ,47.9714,80.4392,34.16,94,100,17.92,light rain
92,Winslow,US,35.0242,-110.6974,41.18,48,1,5.75,clear sky
93,Cordoba,AR,-31.4135,-64.1811,77.59,27,0,5.75,clear sky
94,Wanning,CN,18.8003,110.3967,73.71,82,100,8.55,overcast clouds
95,Awbari,LY,26.5921,12.7805,77.02,22,35,8.34,scattered clouds
96,Kodiak,US,57.79,-152.4072,29.71,64,1,14.97,clear sky
97,Urumqi,CN,43.801,87.6005,29.35,64,4,2.24,smoke
98,Poum,NC,-20.2333,164.0167,78.8,80,34,5.99,scattered clouds
99,Faya,SA,18.3851,42.4509,61.32,51,2,4.45,clear sky
100,Masuguru,TZ,-11.3667,38.4167,90.99,31,68,8.84,broken clouds
101,Santa Rosa,PH,14.3122,121.1114,83.1,79,78,8.1,broken clouds
102,East London,ZA,-33.0153,27.9116,68.27,70,78,6.93,broken clouds
103,Montepuez,MZ,-13.1256,38.9997,84.33,40,54,12.77,broken clouds
104,Broome,US,42.2506,-75.833,43.18,69,90,3.0,overcast clouds
105,Micheweni,TZ,-4.9667,39.8333,80.42,76,78,9.04,broken clouds
106,Solenzo,BF,12.1833,-4.0833,98.82,9,63,5.88,broken clouds
107,Upernavik,GL,72.7868,-56.1549,-0.2,83,3,6.73,clear sky
108,Kavaratti,IN,10.5669,72.642,79.72,84,100,15.82,overcast clouds
109,Lata,PT,40.1629,-8.3327,70.48,50,3,4.36,clear sky
110,Kapaa,US,22.0752,-159.319,73.38,72,1,1.01,clear sky
111,Lafiagi,NG,8.8667,5.4167,95.99,28,77,3.71,broken clouds
112,Saint-Philippe,RE,-21.3585,55.7679,78.39,78,27,13.53,scattered clouds
113,Tuatapere,NZ,-46.1333,167.6833,48.72,92,100,2.86,overcast clouds
114,Dingle,PH,10.9995,122.6711,75.99,93,79,6.78,broken clouds
115,Pacific Grove,US,36.6177,-121.9166,67.3,53,1,1.01,clear sky
116,Ust-Nera,RU,64.5667,143.2,4.42,98,100,2.55,overcast clouds
117,Santa Cruz,BO,-17.8,-63.1667,82.45,74,75,16.11,broken clouds
118,Port Elizabeth,ZA,-33.918,25.5701,70.11,75,94,8.81,overcast clouds
119,Bambous Virieux,MU,-20.3428,57.7575,77.22,67,92,14.12,overcast clouds
120,Akcaabat,TR,41.0212,39.5715,53.47,87,0,4.61,clear sky
121,Bluff,NZ,-46.6,168.3333,50.56,81,84,9.75,broken clouds
122,Provideniya,RU,64.3833,-173.3,22.08,95,100,6.98,overcast clouds
123,Hervey Bay,AU,-25.2986,152.8535,67.03,66,0,10.96,clear sky
124,Beyneu,KZ,45.3167,55.2,36.19,62,6,8.57,clear sky
125,Pantai Remis,MY,4.4557,100.6288,78.37,87,98,4.52,overcast clouds
126,Zhuhai,CN,22.2769,113.5678,71.31,68,0,10.36,clear sky
127,Saskylakh,RU,71.9167,114.0833,-13.67,92,99,8.08,overcast clouds
128,Jiuquan,CN,39.7432,98.5174,34.21,29,0,2.98,clear sky
129,Kuppam,IN,12.75,78.3667,70.68,97,100,1.41,overcast clouds
130,Malakal,SS,9.5334,31.6605,86.65,23,66,4.65,broken clouds
131,Nikolskoye,RU,59.7035,30.7861,33.03,85,6,5.82,clear sky
132,Bettiah,IN,26.8,84.5,69.03,49,1,3.04,clear sky
133,Cabo San Lucas,MX,22.8909,-109.9124,82.71,64,1,3.44,clear sky
134,Manggar,ID,-2.8833,108.2667,80.13,81,100,2.89,overcast clouds
135,Puerto Ayora,EC,-0.7393,-90.3518,75.16,76,95,8.43,overcast clouds
136,Havre-Saint-Pierre,CA,50.2334,-63.5986,36.07,78,100,13.82,overcast clouds
137,Ahipara,NZ,-35.1667,173.1667,62.47,93,29,12.77,scattered clouds
138,Mount Isa,AU,-20.7333,139.5,65.97,32,0,10.36,clear sky
139,Chota,PE,-6.55,-78.65,68.7,67,72,4.94,light rain
140,Isangel,VU,-19.55,169.2667,75.15,85,4,6.26,clear sky
141,Talnakh,RU,69.4865,88.3972,4.03,98,100,1.48,overcast clouds
142,Ilulissat,GL,69.2167,-51.1,8.62,66,40,8.05,scattered clouds
143,Krasnoarmeysk,RU,51.0239,45.6969,35.29,73,100,4.05,overcast clouds
144,Guadalajara,MX,20.6667,-103.3333,60.42,64,3,5.08,clear sky
145,Naryan-Mar,RU,67.6713,53.087,17.49,88,100,8.61,overcast clouds
146,Klaksvik,FO,62.2266,-6.589,50.92,84,100,27.58,overcast clouds
147,Vila Franca Do Campo,PT,37.7167,-25.4333,63.19,92,100,4.59,overcast clouds
148,Cidreira,BR,-30.1811,-50.2056,72.52,62,4,18.21,clear sky
149,Amahai,ID,-3.3333,128.9167,78.8,85,100,3.62,heavy intensity rain
150,Avera,US,33.194,-82.5271,55.71,37,0,6.44,clear sky
151,Elat,IL,29.5581,34.9482,75.79,44,25,3.06,scattered clouds
152,Freital,DE,51.0017,13.6488,48.06,86,90,1.99,overcast clouds
153,Buin,CL,-33.7333,-70.75,83.05,15,0,7.05,clear sky
154,Caravelas,BR,-17.7125,-39.2481,76.24,59,100,11.97,overcast clouds
155,Kedrovyy,RU,56.1667,91.8167,28.81,94,100,8.21,light snow
156,Bethanien,NA,-26.502,17.1583,98.29,9,0,6.04,clear sky
157,Pierre,US,44.3683,-100.351,42.85,64,100,7.0,overcast clouds
158,Dundee,GB,56.5,-2.9667,51.49,90,75,0.0,broken clouds
159,Midyat,TR,37.4247,41.3393,50.72,36,94,3.8,overcast clouds
160,Palmer,US,42.1584,-72.3287,49.32,61,75,1.01,broken clouds
161,Adeje,ES,28.1227,-16.726,71.92,64,75,16.11,broken clouds
162,Robertsport,LR,6.7533,-11.3686,80.98,72,56,6.67,light rain
163,Asarganj,IN,25.15,86.6833,70.66,62,0,2.3,clear sky
164,Esperance,AU,-33.8667,121.9,55.51,72,96,19.62,overcast clouds
165,Carnarvon,AU,-24.8667,113.6333,69.87,78,90,11.5,overcast clouds
166,Belmonte,BR,-15.8631,-38.8828,72.1,80,100,14.16,overcast clouds
167,Aksarka,RU,66.5606,67.7975,3.6,89,64,7.78,broken clouds
168,Fukue,JP,32.6881,128.8419,61.83,53,1,7.7,clear sky
169,Cayenne,GF,4.9333,-52.3333,86.04,75,90,4.61,overcast clouds
170,Pleasantville,US,39.3898,-74.524,48.09,57,1,8.05,clear sky
171,Gazli,UZ,40.1333,63.45,46.09,72,85,9.69,overcast clouds
172,Aykhal,RU,66.0,111.5,-12.48,100,86,7.09,overcast clouds
173,Araouane,ML,18.9048,-3.5265,87.78,13,99,6.85,overcast clouds
174,Husavik,IS,66.0449,-17.3389,42.71,67,59,16.69,broken clouds
175,Belem De Sao Francisco,BR,-8.7539,-38.9658,94.41,29,0,8.3,clear sky
176,Paamiut,GL,61.994,-49.6678,9.55,58,0,20.15,clear sky
177,Mayor Pablo Lagerenza,PY,-19.9309,-60.7718,91.04,47,96,9.46,overcast clouds
178,Omsukchan,RU,62.5333,155.8,18.09,96,100,4.5,light snow
179,Lokossa,BJ,6.6387,1.7167,88.07,61,41,7.74,scattered clouds
180,Hillsborough,US,37.5741,-122.3794,61.3,92,1,1.01,clear sky
181,Katangli,RU,51.7102,143.2326,23.59,79,11,5.77,few clouds
182,Butaritari,KI,3.0707,172.7902,82.15,75,23,17.47,few clouds
183,Seguela,CI,7.9611,-6.6731,89.64,40,16,2.84,few clouds
184,Gainesville,US,29.6516,-82.3248,60.71,61,0,5.08,clear sky
185,Okha,RU,53.5739,142.9478,25.86,65,73,14.16,broken clouds
186,Lorengau,PG,-2.0226,147.2712,80.8,78,100,8.66,overcast clouds
187,Paracatu,BR,-17.2222,-46.8747,66.83,86,100,10.4,overcast clouds
188,Pisco,PE,-13.7,-76.2167,64.45,88,90,4.61,mist
189,Voh,NC,-20.9667,164.7,74.53,90,17,2.62,few clouds
190,Puerto Penasco,MX,31.3167,-113.5333,76.77,33,0,4.56,clear sky
191,Ketchikan,US,55.3422,-131.6461,36.77,99,100,2.13,moderate rain
192,Karlshamn,SE,56.1706,14.8619,44.91,82,47,10.16,scattered clouds
193,Saint-Pierre,RE,-21.3393,55.4781,78.48,78,0,5.75,clear sky
194,Borogontsy,RU,62.6683,131.1683,-19.79,100,98,2.57,overcast clouds
195,Kingaroy,AU,-26.5333,151.8333,55.06,57,0,2.77,clear sky
196,Sam Phran,TH,13.727,100.2153,82.02,90,97,4.43,overcast clouds
197,Vostok,RU,46.4856,135.8833,18.73,97,60,5.19,broken clouds
198,Sioux Lookout,CA,50.1001,-91.917,24.87,86,90,8.05,light snow
199,Guerrero Negro,MX,27.9769,-114.0611,72.82,43,0,2.98,clear sky
200,Namatanai,PG,-3.6667,152.4333,79.18,83,36,6.64,light rain
201,Cabra,ES,37.4725,-4.4421,69.66,40,18,1.01,few clouds
202,Huzhou,CN,30.8703,120.0933,54.0,57,0,3.13,clear sky
203,Krasnoselkup,RU,65.7,82.4667,-12.82,99,6,6.62,clear sky
204,Hobart,AU,-42.8794,147.3294,40.86,77,75,14.97,broken clouds
205,Harbin,CN,45.75,126.65,17.73,97,48,2.44,scattered clouds
206,Thunder Bay,CA,48.4001,-89.3168,31.55,75,100,8.01,overcast clouds
207,Coihaique,CL,-45.5752,-72.0662,50.61,53,75,10.36,broken clouds
208,Ponta Do Sol,PT,32.6667,-17.1,72.23,68,26,2.77,scattered clouds
209,Inongo,CD,-1.95,18.2667,74.66,81,93,5.08,light rain
210,Lokosovo,RU,61.1333,74.8167,0.1,90,93,5.32,overcast clouds
211,North Bend,US,43.4065,-124.2243,58.86,100,90,5.75,mist
212,Robore,BO,-18.3333,-59.75,85.8,66,100,10.78,overcast clouds
213,Secunda,ZA,-26.55,29.1667,78.31,52,83,6.8,broken clouds
214,Abashiri,JP,44.0213,144.2697,48.94,91,64,12.62,broken clouds
215,Loharu,IN,28.45,75.8167,70.23,20,0,3.74,clear sky
216,Kushima,JP,31.4583,131.2333,51.12,83,0,5.19,clear sky
217,Grindavik,IS,63.8424,-22.4338,39.67,75,40,34.52,scattered clouds
218,Inirida,CO,3.8653,-67.9239,84.33,75,96,1.59,overcast clouds
219,Ukiah,US,39.1502,-123.2078,65.03,90,1,0.0,clear sky
220,Torbay,CA,47.6666,-52.7314,57.67,96,90,17.27,overcast clouds
221,Campos Gerais,BR,-21.235,-45.7586,77.63,49,60,3.85,broken clouds
222,Priiskovyy,RU,51.9333,116.6333,23.14,66,100,4.81,overcast clouds
223,Port Blair,IN,11.6667,92.75,79.65,82,91,6.91,overcast clouds
224,Berlevag,NO,70.8578,29.0864,28.4,62,99,11.23,overcast clouds
225,Tartagal,AR,-22.5164,-63.8013,68.52,96,95,9.35,overcast clouds
226,Neiafu,TO,-18.65,-173.9833,77.72,80,65,16.4,light rain
227,Harper,LR,4.375,-7.7169,82.71,72,91,6.64,light rain
228,Cockburn Town,TC,21.4612,-71.1419,81.77,72,80,11.65,broken clouds
229,Puerto Baquerizo Moreno,EC,-0.9,-89.6,67.51,79,73,9.37,broken clouds
230,Camana,PE,-16.6228,-72.7111,66.72,77,97,9.22,overcast clouds
231,Umm Lajj,SA,25.0213,37.2685,78.76,62,0,6.55,clear sky
232,Agbor,NG,6.2518,6.1934,86.68,70,86,1.16,light rain
233,Sibolga,ID,1.7427,98.7792,77.07,81,100,2.98,overcast clouds
234,Mitsamiouli,KM,-11.3847,43.2844,80.96,73,9,8.99,clear sky
235,Bathsheba,BB,13.2167,-59.5167,88.41,62,40,21.85,scattered clouds
236,Tuktoyaktuk,CA,69.4541,-133.0374,11.66,93,100,9.75,overcast clouds
237,Humaita,BR,-7.5061,-63.0208,88.2,52,83,4.38,broken clouds
238,Santiago Del Estero,AR,-27.7951,-64.2615,70.88,70,99,7.7,overcast clouds
239,Portland,US,45.5234,-122.6762,63.28,90,75,4.0,broken clouds
240,Kulu,TR,39.0951,33.0799,49.55,41,78,3.0,broken clouds
241,Fortuna,US,40.5982,-124.1573,52.41,95,90,8.05,overcast clouds
242,Chanute,US,37.6792,-95.4572,50.5,52,99,13.22,overcast clouds
243,La Ronge,CA,55.1001,-105.2842,28.62,93,90,4.61,light snow
244,Whitehorse,CA,60.7161,-135.0538,20.17,93,90,5.75,light snow
245,Lubsko,PL,51.7847,14.972,45.57,97,7,5.68,clear sky
246,Beausejour,CA,50.0622,-96.5167,21.78,95,90,1.05,overcast clouds
247,Fort Walton Beach,US,30.4058,-86.6188,57.52,51,1,5.01,clear sky
248,Vityazevo,RU,44.9931,37.2719,48.61,66,20,11.18,few clouds
249,Atambua,ID,-9.1061,124.8925,75.18,87,100,3.2,overcast clouds
250,Madison,US,34.7334,-86.5667,51.15,62,1,3.0,clear sky
251,Labuhan,ID,-6.8844,112.2051,78.19,86,100,9.01,overcast clouds
252,Changuinola,PA,9.4333,-82.5167,84.15,61,6,6.13,clear sky
253,Qingdao,CN,36.0986,120.3719,54.59,49,0,3.69,clear sky
254,Gaoua,BF,10.2992,-3.2508,92.98,26,69,1.92,broken clouds
255,Rawson,AR,-43.3002,-65.1023,66.29,29,91,24.92,overcast clouds
256,Oktyabrskoye,RU,43.0645,44.7417,41.14,86,90,2.24,overcast clouds
257,Sechura,PE,-5.5569,-80.8222,73.9,58,26,6.58,scattered clouds
258,Schonebeck,DE,52.0167,11.75,47.61,87,49,6.15,scattered clouds
259,Grand-Lahou,CI,5.1367,-5.0242,83.07,75,27,8.46,scattered clouds
260,Fare,PF,-16.7,-151.0167,75.16,81,100,7.96,light rain
261,Koutiala,ML,12.3917,-5.4642,97.14,11,32,7.18,scattered clouds
262,Kapit,MY,2.0167,112.9333,73.81,99,100,1.21,light rain
263,Cherskiy,RU,68.75,161.3,6.58,97,97,1.34,overcast clouds
264,Teguise,ES,29.0605,-13.564,71.82,46,20,12.66,few clouds
265,Muli,MV,2.9167,73.5667,83.14,76,47,15.93,scattered clouds
266,Khani,GE,41.9563,42.9566,49.57,47,43,5.19,scattered clouds
267,Tutoia,BR,-2.7619,-42.2744,85.69,64,67,13.78,broken clouds
268,Ribeira Grande,PT,38.5167,-28.7,61.2,82,75,24.16,mist
269,Kulhudhuffushi,MV,6.6221,73.07,81.05,81,100,20.49,overcast clouds
270,Tura,IN,25.5198,90.2201,61.41,84,1,2.77,clear sky
271,Impfondo,CG,1.6381,18.0667,78.46,77,83,0.4,light rain
272,Burns Lake,CA,54.2331,-125.7533,29.39,98,100,3.27,light snow
273,Roald,NO,62.5833,6.1333,50.92,66,0,9.22,clear sky
274,Alugan,PH,12.2188,125.4808,79.75,86,100,7.45,overcast clouds
275,Nakapiripirit,UG,1.9167,34.7833,78.04,40,88,13.24,overcast clouds
276,Coquimbo,CL,-29.9533,-71.3436,64.13,63,0,13.8,clear sky
277,Port Hedland,AU,-20.3167,118.5667,71.65,60,0,8.05,clear sky
278,Kumano,JP,34.3442,132.5894,50.94,75,1,3.31,clear sky
279,Asyut,EG,27.181,31.1837,76.5,43,4,8.19,clear sky
280,Zyryanka,RU,65.75,150.85,0.91,96,100,7.92,overcast clouds
281,Tezu,IN,27.9167,96.1667,63.05,49,0,4.07,clear sky
282,Olafsvik,IS,64.8945,-23.7142,38.66,66,64,36.78,broken clouds
283,Turukhansk,RU,65.8167,87.9833,-5.28,99,100,5.21,overcast clouds
284,Nome,US,64.5011,-165.4064,24.87,86,90,0.0,overcast clouds
285,Airai,TL,-8.9266,125.4092,61.27,91,99,0.78,overcast clouds
286,Am Timan,TD,11.0297,20.2827,89.69,19,10,4.97,clear sky
287,Georgetown,MY,5.4112,100.3354,80.53,88,20,2.3,few clouds
288,Bayangol,RU,50.6977,103.4656,20.32,71,9,2.13,clear sky
289,Wairoa,NZ,-39.0333,177.3667,66.6,63,10,1.99,clear sky
290,Scarborough,GB,54.2797,-0.4044,54.52,89,41,1.01,scattered clouds
291,Bethel,US,41.3712,-73.414,49.17,65,1,1.01,clear sky
292,Petropavlovskaya,RU,45.0819,40.4512,44.91,68,92,11.21,overcast clouds
293,Shimoda,JP,34.6667,138.95,54.1,67,65,7.16,broken clouds
294,Tete,MZ,-16.1564,33.5867,91.62,39,71,6.08,light rain
295,Skibbereen,IE,51.55,-9.2667,57.0,96,100,6.15,overcast clouds
296,Longyearbyen,SJ,78.2186,15.6401,15.64,62,75,8.05,broken clouds
297,Marzuq,YE,14.4,46.4667,72.05,37,0,2.42,clear sky
298,Heiligenhafen,DE,54.3667,10.9833,47.05,84,13,18.03,few clouds
299,San Carlos De Bariloche,AR,-41.1456,-71.3082,47.68,69,54,15.14,broken clouds
300,Meulaboh,ID,4.1363,96.1285,77.25,87,90,2.71,overcast clouds
301,Tiznit,MA,29.5833,-9.5,65.79,53,0,10.74,clear sky
302,Codrington,AU,-38.2667,141.9667,47.95,74,82,25.28,broken clouds
303,Cedar City,US,37.6775,-113.0619,48.4,65,1,3.44,clear sky
304,Pangody,RU,65.85,74.4859,-9.44,100,68,5.12,broken clouds
305,Rabo De Peixe,PT,37.8,-25.5833,62.28,98,20,13.8,few clouds
306,Chuy,UY,-33.6971,-53.4616,77.23,59,100,8.37,light rain
307,Alice Springs,AU,-23.7,133.8833,58.55,72,2,8.05,clear sky
308,Sao Filipe,CV,14.8961,-24.4956,76.08,72,85,7.02,overcast clouds
309,Tazmalt,DZ,36.3868,4.3989,58.48,83,92,1.3,overcast clouds
310,Buenavista,PH,8.9769,125.4089,75.06,93,100,2.28,overcast clouds
311,Bijar,IR,35.8668,47.6051,42.93,44,53,2.08,broken clouds
312,Margate,GB,51.3813,1.3862,55.11,88,18,1.99,few clouds
313,Egvekinot,RU,66.3167,-179.1667,9.21,91,99,7.52,overcast clouds
314,Ichihara,JP,35.5167,140.0833,57.04,58,99,5.99,overcast clouds
315,Nadvoitsy,RU,63.8667,34.3167,27.25,94,63,11.9,light snow
316,Katsuura,JP,35.1333,140.3,55.51,61,97,6.15,overcast clouds
317,Poshekhonye,RU,58.4993,39.1353,33.48,90,100,10.51,overcast clouds
318,Ust-Uda,RU,54.1742,103.0304,19.63,99,77,2.59,broken clouds
319,Imbituba,BR,-28.24,-48.6703,78.82,55,27,17.76,scattered clouds
320,Daru,PG,-9.0763,143.2092,79.56,87,93,10.2,overcast clouds
321,Panguna,PG,-6.3164,155.4848,67.86,95,53,2.13,broken clouds
322,Sao Joao Da Barra,BR,-21.6403,-41.0511,75.29,57,70,8.72,broken clouds
323,Kutahya,TR,39.4242,29.9833,42.75,34,100,3.11,overcast clouds
324,Leningradskiy,RU,69.3833,178.4167,8.01,95,100,9.93,overcast clouds
325,Tautira,PF,-17.7333,-149.15,75.22,66,100,5.84,overcast clouds
326,Pontianak,ID,-0.0333,109.3333,75.18,94,75,6.91,light rain
327,Cairo,EG,30.0626,31.2497,79.56,47,54,4.61,broken clouds
328,Hay River,CA,60.8156,-115.7999,13.3,92,92,7.81,overcast clouds
329,Plover,US,44.4564,-89.544,33.04,67,90,8.99,overcast clouds
330,Kahului,US,20.8947,-156.47,73.42,86,90,4.61,light rain
331,Kayiry,UA,46.9454,33.7059,45.72,61,100,9.73,overcast clouds
332,Mtimbira,TZ,-8.7833,36.35,87.13,31,21,3.83,few clouds
333,Port-Gentil,GA,-0.7193,8.7815,76.55,82,100,2.21,overcast clouds
334,Lagoa,PT,39.05,-27.9833,63.36,79,100,33.96,overcast clouds
335,Anadyr,RU,64.75,177.4833,23.11,91,98,7.52,overcast clouds
336,Oussouye,SN,12.485,-16.5469,90.88,38,92,6.67,overcast clouds
337,Strelka,RU,58.0728,93.0344,28.71,92,100,6.87,overcast clouds
338,Yanam,IN,16.7333,82.2167,81.0,88,87,7.9,overcast clouds
339,Zaysan,KZ,47.4667,84.8667,36.25,77,99,2.1,overcast clouds
340,Salym,RU,60.0625,71.4789,10.56,75,100,7.11,overcast clouds
341,Malpe,IN,13.35,74.7167,76.3,96,100,7.87,moderate rain
342,Seymchan,RU,62.8833,152.4333,7.88,95,100,5.82,overcast clouds
343,Mae Sot,TH,16.7167,98.5667,71.28,95,83,2.33,broken clouds
344,Mahebourg,MU,-20.4081,57.7,77.25,67,79,14.16,broken clouds
345,Lusambo,CD,-4.9667,23.45,76.8,75,99,2.73,overcast clouds
346,Shingu,JP,33.7333,135.9833,50.43,80,28,6.53,scattered clouds
347,Saint George,US,37.1041,-113.5841,67.35,27,40,2.01,scattered clouds
348,Porto Novo,BJ,6.4965,2.6036,85.37,68,23,8.99,few clouds
349,Coos Bay,US,43.3665,-124.2179,58.23,100,90,5.75,mist
350,Arinos,BR,-15.9169,-46.1056,68.36,85,100,5.97,overcast clouds
351,Yagodnoye,RU,62.55,149.6667,9.84,96,100,2.39,light snow
352,San Patricio,US,28.017,-97.5169,78.89,53,0,9.46,clear sky
353,Lake Worth,US,26.6159,-80.057,75.99,52,1,1.99,clear sky
354,Salalah,OM,17.0151,54.0924,80.69,74,0,2.3,clear sky
355,Fairbanks,US,64.8378,-147.7164,-5.4,73,90,0.0,light snow
356,Ayorou,NE,14.7308,0.9174,98.6,9,85,7.47,overcast clouds
357,Verkhnevilyuysk,RU,63.4453,120.3167,-7.83,98,66,2.51,broken clouds
358,Playas,EC,-2.6333,-80.3833,73.42,73,77,9.37,broken clouds
359,Mandalgovi,MN,45.7625,106.2708,25.38,44,11,6.29,few clouds
360,San-Pedro,CI,4.7485,-6.6363,82.58,75,93,7.23,light rain
361,Mayo,US,38.8876,-76.5119,47.98,58,1,3.0,clear sky
362,Sulangan,PH,11.1373,123.7228,82.6,81,89,12.88,overcast clouds
363,Hammond,US,41.5834,-87.5,37.53,88,90,4.0,overcast clouds
364,Kudahuvadhoo,MV,2.6708,72.8944,83.17,74,50,16.06,scattered clouds
365,Rongcheng,CN,30.634,117.8517,52.3,58,32,3.58,scattered clouds
366,Durusu,TR,41.3053,28.6767,55.83,88,100,7.0,overcast clouds
367,Hofn,IS,64.2539,-15.2082,42.82,75,20,24.16,few clouds
368,The Valley,AI,18.217,-63.0578,87.1,73,7,17.58,clear sky
369,Aasiaat,GL,68.7098,-52.8699,-5.6,100,99,5.57,overcast clouds
370,Saint-Georges,GD,12.0564,-61.7485,87.48,70,20,20.71,few clouds
371,Inhambane,MZ,-23.865,35.3833,76.75,81,34,9.31,scattered clouds
372,Nara,JP,34.6851,135.8049,53.98,78,2,1.14,clear sky
373,Ariquemes,BR,-9.9133,-63.0408,85.1,66,83,5.37,broken clouds
374,General Roca,AR,-39.0333,-67.5833,69.62,18,79,17.29,broken clouds
375,Opuwo,NA,-18.0607,13.84,88.63,26,81,8.5,broken clouds
376,Makambako,TZ,-8.8453,34.823,69.76,48,30,11.52,scattered clouds
377,Bantry,IE,51.6833,-9.45,60.75,98,100,4.79,overcast clouds
378,Vestmannaeyjar,IS,63.4427,-20.2734,40.19,81,40,27.63,scattered clouds
379,Moshny,UA,49.5147,31.7476,41.4,60,99,3.11,overcast clouds
380,Sitka,US,57.0531,-135.33,35.49,80,1,0.0,clear sky
381,Wewak,PG,-3.5534,143.6268,78.35,86,79,2.04,broken clouds
382,Raudeberg,NO,61.9875,5.1352,49.78,69,100,22.1,overcast clouds
383,Kloulklubed,PW,7.0419,134.2556,77.5,77,100,0.45,overcast clouds
384,Bonavista,CA,48.6499,-53.1147,48.24,99,100,3.6,overcast clouds
385,Hami,CN,42.8,93.45,32.41,44,0,2.35,clear sky
386,Puerto Quijarro,BO,-17.7833,-57.7667,85.59,71,99,5.95,overcast clouds
387,Praia,CV,14.9215,-23.5087,82.94,54,20,12.66,few clouds
388,Maarianhamina,AX,60.0973,19.9348,39.06,93,90,1.14,overcast clouds
389,Tyukhtet,RU,56.5389,89.3011,30.06,95,100,8.08,light snow
390,Mondovi,IT,44.396,7.8176,54.36,98,100,5.7,light rain
391,Boa Vista,BR,2.8197,-60.6733,89.58,51,75,12.66,broken clouds
392,Takaka,NZ,-40.85,172.8,56.97,88,6,7.23,clear sky
393,Alta Floresta,BR,-9.8756,-56.0861,79.25,83,98,5.64,moderate rain
394,Angoram,PG,-4.0625,144.0661,73.94,99,100,0.36,overcast clouds
395,Hope,US,33.6671,-93.5916,53.94,47,15,6.85,few clouds
396,Sinnamary,GF,5.3833,-52.95,84.6,66,50,8.28,scattered clouds
397,Maryville,US,35.7565,-83.9705,50.18,61,27,1.01,scattered clouds
398,Ngaoundere,CM,7.3167,13.5833,78.91,40,21,7.25,few clouds
399,Bangassou,CF,4.7413,22.8184,77.49,81,46,4.97,light rain
400,Terney,RU,45.0503,136.6092,31.68,78,9,9.37,clear sky
401,Walvis Bay,NA,-22.9575,14.5053,60.1,73,87,11.27,overcast clouds
402,Kavieng,PG,-2.5744,150.7967,82.38,72,99,10.98,overcast clouds
403,Houma,US,29.5958,-90.7195,61.0,60,1,0.0,clear sky
404,Zarechnyy,RU,53.2036,45.1923,34.32,35,100,2.68,overcast clouds
405,Biak,ID,-0.9131,122.8766,76.17,83,100,4.27,overcast clouds
406,Camacari,BR,-12.6975,-38.3242,74.97,82,85,10.0,overcast clouds
407,Yei,SS,4.095,30.6779,72.39,82,84,3.74,broken clouds
408,Muros,ES,42.7762,-9.0603,67.08,61,6,8.03,clear sky
409,Zhezkazgan,KZ,47.8043,67.7144,27.86,81,61,17.58,broken clouds
410,Navlya,RU,52.8281,34.4989,35.74,94,100,1.05,overcast clouds
411,Caronport,CA,50.4501,-105.8179,30.69,65,100,5.17,overcast clouds
412,Dudinka,RU,69.4058,86.1778,-6.56,99,98,6.38,overcast clouds
413,Ontario,US,34.0633,-117.6509,80.53,29,1,0.0,clear sky
414,Hargeysa,SO,9.56,44.065,68.13,67,46,14.47,scattered clouds
415,Sayyan,YE,15.1718,44.3244,58.57,28,4,5.21,clear sky
416,Kirkwood,US,38.5834,-90.4068,48.78,71,40,4.0,scattered clouds
417,Qaqortoq,GL,60.7167,-46.0333,14.5,66,0,3.47,clear sky
418,Mutoko,ZW,-17.397,32.2268,71.11,64,74,14.43,moderate rain
419,Grand Gaube,MU,-20.0064,57.6608,77.38,69,83,8.99,broken clouds
420,Montrose,US,38.4166,-108.2673,40.44,33,41,0.81,scattered clouds
421,Jelgava,LV,56.65,23.7128,33.84,91,0,5.39,clear sky
422,Nhulunbuy,AU,-12.2333,136.7667,79.41,53,74,9.22,broken clouds
423,Lazaro Cardenas,MX,17.9583,-102.2,81.52,55,4,4.85,clear sky
424,Okahandja,NA,-21.9833,16.9167,92.28,18,89,7.43,overcast clouds
425,Diego De Almagro,CL,-26.3667,-70.05,80.4,17,0,9.8,clear sky
426,Valley City,US,46.9233,-98.0032,27.59,93,76,2.21,broken clouds
427,Mandera,KE,3.9366,41.867,88.11,39,100,14.76,overcast clouds
428,Komsomolskiy,UZ,40.4272,71.7189,47.12,61,100,2.3,haze
429,Saldanha,ZA,-33.0117,17.9442,66.18,75,100,17.96,overcast clouds
430,Itoman,JP,26.1247,127.6694,68.02,68,20,9.22,few clouds
431,Sao Jose Da Coroa Grande,BR,-8.8978,-35.1478,85.28,63,7,11.34,clear sky
432,Maua,BR,-23.6678,-46.4614,82.08,47,28,8.28,scattered clouds
433,Doha,QA,25.2867,51.5333,76.98,50,0,10.36,clear sky
434,Castro,BR,-24.7911,-50.0119,74.37,43,18,1.41,few clouds
435,Mildura,AU,-34.2,142.15,51.76,71,90,8.05,overcast clouds
436,Itarema,BR,-2.9248,-39.9167,88.11,57,44,16.44,scattered clouds
437,Banda Aceh,ID,5.5577,95.3222,79.63,80,83,11.83,broken clouds
438,Harlingen,US,26.1906,-97.6961,78.75,45,1,12.66,clear sky
439,Yuli,NG,9.6989,10.2744,94.32,17,92,4.34,overcast clouds
440,Narsaq,GL,60.9167,-46.05,14.22,77,3,2.95,clear sky
441,Altay,CN,47.8667,88.1167,31.95,78,100,4.7,overcast clouds
442,Pipar,IN,26.3856,73.5378,70.0,22,0,3.38,clear sky
443,Superior,US,46.7208,-92.1041,31.82,76,90,8.05,overcast clouds
444,Along,IN,28.1667,94.7667,57.49,78,0,2.06,clear sky
445,Padang,ID,-0.9492,100.3543,77.05,85,53,3.02,broken clouds
446,Nanortalik,GL,60.1432,-45.2371,19.94,59,0,29.24,clear sky
447,Gympie,AU,-26.1898,152.665,60.31,69,0,2.66,clear sky
448,Gikongoro,RW,-2.464,29.5739,59.02,91,94,2.06,light rain
449,Hailar,CN,49.2,119.7,20.93,67,19,7.43,few clouds
450,Miramar,US,25.9873,-80.2323,79.02,56,1,6.91,clear sky
451,Karratha,AU,-20.7377,116.8463,78.12,38,5,9.53,clear sky
452,Beloha,MG,-25.1667,45.05,73.9,82,65,9.46,broken clouds
453,Yumen,CN,40.2833,97.2,30.7,32,0,1.52,clear sky
454,Lieksa,FI,63.3167,30.0167,31.71,68,3,17.87,clear sky
455,San Rafael,AR,-34.6177,-68.3301,70.92,23,0,14.72,clear sky
456,Yulara,AU,-25.2406,130.9889,64.24,36,0,8.05,clear sky
457,Stromness,GB,58.965,-3.296,53.85,88,100,10.0,light rain
458,Capoterra,IT,39.1763,8.9718,60.53,81,20,11.5,few clouds
459,Jizan,SA,17.3333,42.6667,84.33,61,0,4.52,clear sky
460,Verkhneuralsk,RU,53.8769,59.2106,17.8,76,100,12.3,overcast clouds
461,Havoysund,NO,70.9963,24.6622,30.43,56,100,6.49,overcast clouds
462,Ballina,AU,-28.8667,153.5667,53.78,54,0,8.7,clear sky
463,Antalaha,MG,-14.9003,50.2788,75.2,78,0,4.79,clear sky
464,Koygorodok,RU,60.445,50.9968,18.95,93,100,5.41,overcast clouds
465,Henties Bay,NA,-22.116,14.2845,59.86,73,77,6.67,broken clouds
466,Goderich,CA,43.7501,-81.7165,40.91,91,100,18.81,overcast clouds
467,Togur,RU,58.3631,82.8265,23.99,97,100,5.86,overcast clouds
468,Sakakah,SA,29.9697,40.2064,67.93,24,100,23.94,overcast clouds
469,Sokoni,TZ,-6.4333,39.55,80.98,75,78,13.87,broken clouds
470,Sola,VU,-13.8833,167.55,81.36,76,98,12.95,overcast clouds
471,Hasaki,JP,35.7333,140.8333,48.6,58,80,7.78,broken clouds
472,Sanger,US,36.708,-119.556,72.99,100,90,0.0,fog
473,Poya,NC,-21.35,165.15,77.47,83,88,4.12,overcast clouds
474,Mangaratiba,BR,-22.9597,-44.0406,78.03,72,35,8.55,scattered clouds
475,Japura,ID,-0.3167,102.35,75.6,92,80,1.74,broken clouds
476,Stepnogorsk,KZ,52.3544,71.8869,28.65,96,99,9.73,light snow
477,Lumphat,KH,13.4878,106.9816,72.12,91,100,3.04,overcast clouds
478,Arlit,NE,18.7369,7.3853,93.24,9,90,6.08,overcast clouds
479,Vardo,NO,70.3705,31.1107,24.55,58,97,11.56,light snow
480,Saint Anthony,US,45.0205,-93.218,32.67,76,75,4.0,broken clouds
481,Nechi,CO,8.0942,-74.7757,86.92,61,58,3.24,broken clouds
482,Te Anau,NZ,-45.4167,167.7167,44.08,93,89,2.89,light rain
483,Nadym,RU,65.5333,72.5167,-1.48,98,22,6.26,few clouds
484,Korla,CN,41.7597,86.1469,35.49,41,0,3.09,clear sky
485,Thinadhoo,MV,0.5333,72.9333,82.15,77,98,12.03,overcast clouds
486,Manga,BF,11.6636,-1.0731,97.5,15,1,4.72,clear sky
487,Quang Ngai,VN,15.1167,108.8,72.19,98,100,4.07,overcast clouds
488,Cochrane,CA,51.1834,-114.4687,31.6,68,100,4.52,overcast clouds
489,Urucui,BR,-7.2294,-44.5561,89.76,49,75,5.35,broken clouds
490,Pangnirtung,CA,66.1451,-65.7125,-0.8,79,17,6.04,few clouds
491,Yar-Sale,RU,66.8333,70.8333,3.24,86,30,9.66,scattered clouds
492,Ouesso,CG,1.6136,16.0517,75.97,86,99,3.22,overcast clouds
493,Baraboo,US,43.4711,-89.7443,35.8,89,90,4.0,light snow
494,Kosh-Agach,RU,50.0,88.6667,19.27,75,100,2.95,overcast clouds
495,Coroico,BO,-16.1889,-67.7271,80.01,53,99,5.91,overcast clouds
496,Worland,US,44.0169,-107.9554,44.08,64,1,5.75,clear sky
497,Urucara,BR,-2.5364,-57.76,90.25,58,95,0.94,overcast clouds
498,Kota Bahru,MY,6.1333,102.2386,76.69,91,99,3.58,overcast clouds
499,Hamilton,US,39.1834,-84.5333,37.72,92,90,1.99,snow
500,Nishihara,JP,26.1842,127.7558,67.28,68,20,9.22,few clouds
501,Ibipeba,BR,-11.6408,-42.0111,76.17,67,100,10.4,overcast clouds
502,Lompoc,US,34.6391,-120.4579,77.13,44,1,8.05,clear sky
503,Allapalli,IN,19.4167,80.0667,73.8,95,34,1.59,scattered clouds
504,Altos Del Rosario,CO,8.7944,-74.1658,87.76,63,54,2.04,broken clouds
505,Caborca,MX,30.5838,-111.101,74.62,17,0,4.18,clear sky
506,Keelung,TW,25.1283,121.7419,69.06,73,85,11.03,overcast clouds
507,Champerico,GT,14.3,-91.9167,89.35,66,4,2.46,clear sky
508,Santa Leopoldina,BR,-20.1006,-40.5297,74.82,76,98,5.39,overcast clouds
509,San Cristobal,VE,7.7669,-72.225,75.38,49,82,3.71,broken clouds
510,Bandarbeyla,SO,9.4942,50.8122,79.23,68,70,13.94,broken clouds
511,Sangmelima,CM,2.9333,11.9833,74.28,92,78,2.77,light rain
512,Gayny,RU,60.3071,54.3241,14.9,96,65,4.5,broken clouds
513,Gagra,GE,43.3283,40.2239,49.12,64,100,3.85,overcast clouds
514,Ban Dung,TH,17.699,103.2596,74.21,99,96,5.88,overcast clouds
515,Mariental,NA,-24.6333,17.9667,98.17,9,2,9.22,clear sky
516,Berekum,GH,7.4534,-2.584,88.11,55,16,3.76,few clouds
517,Bonthe,SL,7.5264,-12.505,82.65,70,99,4.81,overcast clouds
518,Sao Joaquim,BR,-28.2939,-49.9317,72.1,32,19,3.33,few clouds
519,Pitimbu,BR,-7.4706,-34.8086,84.87,62,6,12.21,clear sky
520,San Andres,CO,12.5847,-81.7006,86.02,70,75,12.66,broken clouds
521,Tynda,RU,55.1667,124.7167,1.18,97,12,2.59,few clouds
522,Taksimo,RU,56.3444,114.8794,7.95,86,89,2.3,overcast clouds
523,Salinopolis,BR,-0.6136,-47.3561,85.5,63,29,8.61,scattered clouds
524,Yabassi,CM,4.457,9.9682,80.42,88,91,5.1,moderate rain
525,Port Hardy,CA,50.6996,-127.4199,46.27,87,100,2.42,light rain
526,Farafangana,MG,-22.8167,47.8333,75.99,89,99,4.36,moderate rain
527,Mtwara,TZ,-10.2667,40.1833,79.59,72,79,10.69,broken clouds
528,Ormiston,GB,55.913,-2.9399,52.21,83,100,1.01,overcast clouds
529,Westport,US,41.1415,-73.3579,49.75,66,1,1.01,clear sky
530,Kormilovka,RU,55.0026,74.1028,26.35,97,99,5.5,overcast clouds
531,Lanzhou,CN,36.0564,103.7922,38.59,36,19,2.95,few clouds
532,Bogorodskoye,RU,56.55,37.8833,33.01,98,100,9.75,light snow
533,Kara-Tyube,RU,44.6336,45.4369,41.86,65,9,8.99,clear sky
534,Birao,CF,10.2849,22.7882,88.09,21,25,6.31,scattered clouds
535,Mwingi,KE,-0.9344,38.0601,69.69,77,98,3.27,overcast clouds
536,Hambantota,LK,6.1241,81.1185,79.14,89,75,4.61,broken clouds
537,Wilmington,US,34.2257,-77.9447,58.98,61,0,1.01,clear sky
538,Vagur,FO,61.4732,-6.8119,49.23,85,100,27.36,overcast clouds
539,Asosa,ET,10.0667,34.5333,67.68,60,14,4.74,few clouds
540,Dawson Creek,CA,55.7666,-120.2362,21.16,80,100,4.29,overcast clouds
541,Geraldton,AU,-28.7667,114.6,57.61,88,5,4.61,clear sky
542,Bluefield,US,37.2698,-81.2223,39.24,66,75,12.66,broken clouds
543,Lavumisa,SZ,-27.31,31.892,72.43,68,97,9.01,overcast clouds
544,Chicama,PE,-7.8447,-79.1469,64.94,59,11,9.53,few clouds
545,Nantucket,US,41.2835,-70.0995,51.1,65,28,18.63,scattered clouds
546,Tikrit,IQ,34.6071,43.6782,67.5,29,100,7.25,overcast clouds
547,Xining,CN,36.6167,101.7667,28.67,52,97,1.97,overcast clouds
548,Pedernales,DO,18.0384,-71.744,83.19,66,52,6.55,broken clouds
549,Tromso,NO,69.6496,18.957,30.38,93,75,4.61,broken clouds
550,Gondanglegi,ID,-7.7479,112.0132,75.38,93,99,8.93,light rain
551,Mucurici,BR,-18.0933,-40.5158,72.86,69,97,11.5,overcast clouds
552,Kalmunai,LK,7.4167,81.8167,80.69,77,84,3.91,broken clouds
553,Emba,KZ,48.8264,58.1442,29.62,90,99,13.62,overcast clouds
554,Ludvika,SE,60.1496,15.1878,33.33,82,45,1.1,scattered clouds
555,Masaka,UG,-0.3338,31.7341,67.08,76,82,4.32,broken clouds
556,Acarau,BR,-2.8856,-40.12,86.77,60,52,16.82,broken clouds
557,Muisne,EC,0.6,-80.0333,82.51,77,98,8.16,overcast clouds
558,Tara,RU,56.8944,74.371,21.88,99,100,3.11,overcast clouds
559,Flinders,AU,-34.5833,150.8552,57.25,65,2,1.01,clear sky
560,Prince Rupert,CA,54.3161,-130.3201,39.29,93,90,8.05,light rain
561,Arman,RU,59.7,150.1667,29.48,98,100,3.13,snow
562,Dolinsk,RU,47.35,142.8,35.76,89,100,4.83,overcast clouds
563,Ransang,PH,8.9603,117.5828,78.98,83,100,3.4,overcast clouds
564,Vila Velha,BR,-20.3297,-40.2925,75.15,66,75,4.0,broken clouds
565,Bambanglipuro,ID,-7.95,110.2833,62.6,93,100,1.23,moderate rain
566,Ayan,RU,56.45,138.1667,13.89,66,100,19.13,overcast clouds
567,Constantine,DZ,36.365,6.6147,53.51,88,100,0.96,overcast clouds
568,Linxia,CN,35.6003,103.2064,33.28,45,1,0.98,clear sky
569,Una,IN,20.8167,71.0333,77.41,37,68,4.9,broken clouds
570,Roebourne,AU,-20.7833,117.1333,78.15,35,4,9.08,clear sky
571,Tamale,GH,9.4008,-0.8393,97.48,27,100,0.65,overcast clouds
572,Aden,YE,12.7794,45.0367,81.55,66,2,15.59,clear sky
573,Buraydah,SA,26.326,43.975,70.57,26,71,12.37,broken clouds
574,Guajara,BR,-2.9667,-57.6667,87.51,68,54,1.03,broken clouds
575,Yaan,NG,7.3833,8.5667,91.45,43,86,5.53,overcast clouds
576,Jiayuguan,CN,39.8167,98.3,33.12,29,1,2.17,clear sky
577,Tessalit,ML,20.1986,1.0114,84.4,11,100,11.77,overcast clouds
578,Livny,RU,52.4253,37.6069,33.51,87,100,4.45,snow
579,Soligalich,RU,59.0778,42.2864,29.46,95,100,8.01,light snow
580,Makakilo City,US,21.3469,-158.0858,73.29,77,1,3.44,clear sky
581,Abeche,TD,13.8292,20.8324,90.34,15,3,5.17,clear sky
582,Rodrigues Alves,BR,-7.738,-72.6509,93.56,42,18,4.68,few clouds
583,Bungahan,PH,13.9429,120.6618,81.34,89,73,9.62,broken clouds
584,Dubreka,GN,9.7911,-13.5233,86.36,53,64,7.29,broken clouds
585,Hirara,JP,24.8,125.2833,72.07,68,91,19.6,overcast clouds
586,Yerbogachen,RU,61.2767,108.0108,-1.48,100,97,3.89,overcast clouds
587,Ratnagiri,IN,16.9833,73.3,81.23,80,100,6.98,overcast clouds
588,Talaya,RU,61.3833,152.75,13.55,96,100,3.69,light snow
589,Bilma,NE,18.6853,12.9164,88.86,11,76,6.33,broken clouds
590,Yanaul,RU,56.2719,54.9309,13.44,91,18,4.81,few clouds
591,Ambulu,ID,-8.345,113.6058,76.05,93,100,1.34,overcast clouds
592,Muroto,JP,33.2833,134.15,60.08,66,0,5.61,clear sky
593,Kiama,AU,-34.6833,150.8667,57.45,59,2,12.93,clear sky
594,Laje,BR,-10.1833,-40.9667,86.45,42,78,10.98,broken clouds
595,Orange Cove,US,36.6244,-119.3137,57.49,50,23,0.49,few clouds
596,Rognan,NO,67.0953,15.3878,36.88,82,100,9.19,overcast clouds
597,Taoudenni,ML,22.6783,-3.9836,89.74,15,19,6.71,few clouds
598,Takoradi,GH,4.8845,-1.7554,83.39,73,3,11.21,clear sky
599,Chapais,CA,49.7834,-74.8492,31.78,71,100,8.88,overcast clouds
600,Sangar,RU,63.9242,127.4739,-28.77,100,92,0.63,overcast clouds
601,Panaba,MX,21.2833,-88.2667,80.02,55,99,11.77,overcast clouds
602,Hecun,CN,36.5333,114.1111,51.1,39,85,2.91,overcast clouds
603,Aktash,RU,50.3,87.7333,13.08,86,100,5.61,overcast clouds
604,Mao,ES,39.8885,4.2658,55.96,94,40,3.44,scattered clouds
605,Lekoni,GA,-1.5843,14.2591,80.4,67,74,1.83,broken clouds
606,Teya,RU,60.3778,92.6267,23.59,94,100,5.03,overcast clouds
607,Putyatino,RU,54.16,41.1169,34.09,98,100,6.4,light rain
608,Taborfalva,HU,47.0994,19.4784,47.61,57,97,5.93,overcast clouds
609,Bom Jardim,BR,-7.7958,-35.5872,94.89,28,2,15.32,clear sky
610,Swidwin,PL,53.7746,15.7767,43.97,89,1,7.76,clear sky
611,Santa Marta,CO,11.2408,-74.199,88.34,66,77,9.13,broken clouds
612,Chute-Aux-Outardes,CA,49.1168,-68.399,39.51,100,90,5.75,overcast clouds
613,Marsa Matruh,EG,31.3525,27.2453,70.02,69,96,13.62,overcast clouds
614,Saint Andrews,US,34.0454,-81.1293,55.74,50,0,5.14,clear sky
615,Dali,CN,25.7,100.1833,52.38,91,44,4.29,scattered clouds
616,Sept-Iles,CA,50.2001,-66.3821,36.12,91,90,1.01,overcast clouds
617,Puerto Leguizamo,CO,-0.1934,-74.7819,85.28,66,66,4.45,broken clouds
618,Malanje,AO,-9.5402,16.341,72.99,84,68,3.36,light rain
619,Wenchi,GH,7.7392,-2.1046,89.2,52,27,2.75,scattered clouds
620,Xifeng,CN,42.7372,124.7222,29.37,91,7,2.66,clear sky
621,Honiara,SB,-9.4333,159.95,77.76,87,57,4.36,broken clouds
622,Berdigestyakh,RU,62.0989,126.6992,-18.99,100,45,2.68,scattered clouds
623,Lavrentiya,RU,65.5833,-171.0,15.24,96,99,4.65,overcast clouds
624,Bereda,ES,43.2686,-7.5406,59.0,83,5,5.57,clear sky
625,Tonj,SS,7.2737,28.6822,84.47,49,87,4.7,overcast clouds
626,Plouzane,FR,48.3833,-4.6167,55.58,76,90,6.91,overcast clouds
627,Mkushi,ZM,-13.6202,29.3939,73.78,58,92,1.83,overcast clouds
628,Herat,AF,34.5,62.0,44.91,58,0,12.1,clear sky
629,Matara,LK,5.9485,80.5353,79.57,85,91,11.16,overcast clouds
630,Dryden,CA,49.7833,-92.7503,23.45,88,93,6.62,overcast clouds
631,Sholapur,IN,17.6833,75.9167,79.2,70,98,9.73,overcast clouds
632,San Isidro,PE,-12.1167,-77.05,69.01,72,90,3.0,overcast clouds
633,Kinangan,PH,6.3014,125.585,77.7,84,100,1.28,overcast clouds
634,Ossora,RU,59.2353,163.0719,32.31,97,100,15.03,snow
635,Mitchell,US,43.7094,-98.0298,37.11,77,90,3.44,overcast clouds
636,Fort-Shevchenko,KZ,44.5086,50.263,41.41,73,14,2.86,few clouds
637,Ostrovnoy,RU,68.0531,39.5131,29.23,59,100,23.44,light snow
638,Khandyga,RU,62.6667,135.6,-8.39,96,100,2.24,overcast clouds
639,Laiya,PH,13.675,121.3903,80.1,86,90,9.1,overcast clouds
640,Shibetsu,JP,43.659,145.132,50.02,93,76,11.48,broken clouds
641,Machinga,MW,-15.1685,35.3,85.32,35,58,5.14,broken clouds
642,Ushirombo,TZ,-3.4919,31.9639,80.31,41,98,6.73,overcast clouds
643,Dunedin,NZ,-45.8742,170.5036,54.81,66,100,3.0,overcast clouds
644,Polson,US,47.6936,-114.1632,47.41,58,100,8.99,overcast clouds
645,Charleston,US,32.7766,-79.9309,61.09,68,1,1.01,clear sky
646,Tonk,IN,26.1667,75.7833,71.11,28,0,5.14,clear sky
647,Semey,KZ,50.4111,80.2275,37.02,62,100,18.16,overcast clouds
648,Bull Savanna,JM,17.8868,-77.5902,81.61,61,100,3.02,overcast clouds
649,Nsanje,MW,-16.92,35.262,84.79,57,93,1.77,overcast clouds
650,Dhidhdhoo,MV,6.8833,73.1,81.45,80,100,21.14,overcast clouds
651,Middle Island,US,40.8843,-72.9373,49.84,66,75,1.99,broken clouds
652,Zima,RU,53.9202,102.0442,21.81,94,78,5.08,broken clouds
653,Alvaraes,BR,-3.2208,-64.8042,87.67,55,80,1.68,broken clouds
654,Nouakchott,MR,18.0858,-15.9785,91.33,51,55,12.62,broken clouds
655,Ternate,ID,0.8,127.4,80.73,78,100,4.5,overcast clouds
656,Tamandare,BR,-8.7597,-35.1047,85.89,61,5,11.48,clear sky
657,Matagami,CA,49.7502,-77.6328,30.31,100,90,10.36,light snow
658,Maceio,BR,-9.6658,-35.7353,90.84,55,75,9.22,broken clouds
659,Kismayo,SO,-0.3582,42.5454,79.77,82,100,13.49,overcast clouds
660,Alekseyevskoye,RU,55.3071,50.1135,16.48,86,100,1.79,overcast clouds
661,Abu Dhabi,AE,24.4667,54.3667,80.47,53,0,9.33,clear sky
662,Mareeba,AU,-17.0,145.4333,74.48,88,100,2.48,overcast clouds
663,Yinchuan,CN,38.4681,106.2731,39.69,31,34,3.94,scattered clouds
664,Russell,US,32.3502,-85.1999,52.88,47,1,10.36,clear sky
665,Fort Nelson,CA,58.8053,-122.7002,-0.81,92,75,3.44,mist
666,Ulladulla,AU,-35.35,150.4667,57.09,56,4,12.5,clear sky
667,Tongchuan,CN,35.0806,109.0897,44.56,53,41,4.18,scattered clouds
668,Lubango,AO,-14.9172,13.4925,69.04,69,100,4.43,light rain
669,Waiuku,NZ,-37.25,174.75,65.25,93,34,12.8,scattered clouds
670,Point Pedro,LK,9.8167,80.2333,81.01,84,92,19.55,overcast clouds
671,Pilar,BR,-9.5972,-35.9567,89.53,45,13,13.85,few clouds
672,Matay,EG,28.419,30.7792,75.74,42,65,7.61,broken clouds
673,Ibaiti,BR,-23.8486,-50.1878,79.03,37,3,3.22,clear sky
674,Aksha,RU,50.2814,113.2867,26.15,69,94,4.27,overcast clouds
675,Patos De Minas,BR,-18.5789,-46.5181,72.18,68,100,5.3,overcast clouds
676,Hong Gai,VN,20.956,107.0946,66.18,72,84,4.34,broken clouds
677,Seguin,US,29.5688,-97.9647,71.33,64,1,5.99,clear sky
678,Riyadh,SA,24.6877,46.7219,75.34,27,30,4.27,scattered clouds
679,Skjervoy,NO,70.0311,20.9714,33.57,69,77,14.58,broken clouds
680,Samarai,PG,-10.6167,150.6667,81.81,82,61,9.33,broken clouds
681,Podporozhye,RU,60.9112,34.1706,29.91,87,15,7.81,few clouds
682,Ca Mau,VN,9.1769,105.15,75.15,94,100,4.81,overcast clouds
683,Rennes,FR,48.1667,-1.6667,55.18,76,75,10.36,broken clouds
684,Jieshi,CN,22.8134,115.8257,67.19,64,89,14.61,overcast clouds
685,Horodok,UA,49.1637,26.5839,45.52,83,91,2.8,overcast clouds
686,Awjilah,LY,29.1081,21.2869,73.17,33,10,7.81,clear sky
687,Fillmore,US,43.6666,-92.1002,32.65,80,90,16.11,overcast clouds
688,Teguldet,RU,57.3064,88.1667,28.51,97,100,5.86,light snow
689,Rio Grande,BR,-32.035,-52.0986,76.24,62,100,11.45,light rain
690,Znamenskoye,RU,57.1281,73.8282,24.31,97,100,5.41,overcast clouds
691,Trairi,BR,-3.2778,-39.2689,87.84,58,31,13.78,scattered clouds
692,Los Llanos De Aridane,ES,28.6585,-17.9182,69.55,81,75,6.91,volcanic ash
693,Acapulco,MX,16.8634,-99.8901,80.42,54,1,6.91,clear sky
694,Tigil,RU,57.8,158.6667,31.64,97,100,16.62,snow
695,Bria,CF,6.5423,21.9863,75.88,78,73,3.6,light rain
696,Yenagoa,NG,4.9247,6.2642,80.64,83,92,5.7,moderate rain
697,Bagdarin,RU,54.4333,113.6,9.95,91,78,3.76,broken clouds
698,Casma,CL,-41.0082,-73.1244,56.48,96,100,7.36,overcast clouds
699,Dixon,US,38.4455,-121.8233,57.56,99,90,0.0,fog
700,Igrim,RU,63.1906,64.4162,8.58,97,58,3.04,broken clouds
701,Sinazongwe,ZM,-17.2614,27.4618,90.5,41,5,7.45,clear sky
702,Valdivia,CL,-39.8142,-73.2459,50.43,99,100,3.15,overcast clouds
703,Okhotsk,RU,59.3833,143.3,23.67,94,100,4.85,overcast clouds
704,Olinda,BR,-8.0089,-34.8553,85.73,62,40,10.36,scattered clouds
